1543334, 1543419
1543764, 1543849
1544452, 1544537
1543506, 1543591
1543248, 1543333
1543420, 1543505
1544366, 1544451
1543850, 1543935
1545484, 1545569
1546946, 1547031
1547032, 1547117
1547290, 1547375
1548064, 1548149
1548150, 1548235
1543936, 1544021
1544022, 1544107
1544108, 1544193
1544194, 1544279
1544280, 1544365
1543592, 1543677
1543678, 1543763
1544968, 1545053
1545226, 1545311
1545054, 1545139
1544538, 1544623
1545312, 1545397
1544624, 1544709
1545140, 1545225
1545398, 1545483
1544796, 1544881
1544710, 1544795
1544882, 1544967
1847860, 1847945
1847946, 1848031
1848032, 1848117
1848204, 1848289
1848118, 1848203
1848290, 1848375
1848376, 1848461
1848634, 1848719
1848720, 1848805
1848462, 1848547
1848806, 1848891
1848892, 1848977
1848978, 1849063
1849064, 1849149
1849150, 1849235
1849236, 1849321
1849408, 1849493
1849322, 1849407
1849494, 1849579
1849580, 1849665
1849666, 1849751
1849752, 1849837
1849838, 1849923
1850010, 1850095
1850096, 1850181
1850182, 1850267
1850354, 1850439
1850440, 1850525
1850526, 1850611
1850612, 1850697
1850784, 1850869
1850698, 1850783
1850870, 1850955
1850956, 1851041
1851128, 1851213
1851214, 1851299
1851386, 1851471
1851300, 1851385
1851472, 1851557
1851558, 1851643
1851730, 1851815
1851816, 1851901
1851902, 1851987
1851988, 1852073
1852074, 1852159
1852246, 1852331
1852160, 1852245
1852418, 1852503
1852332, 1852417
1852590, 1852675
1852934, 1853019
1853106, 1853191
1853192, 1853277
1853278, 1853363
1853450, 1853535
1853708, 1853793
1853794, 1853879
1853880, 1853965
1853966, 1854051
1854138, 1854223
1854482, 1854567
1854568, 1854653
1854826, 1854911
1854912, 1854997
1854998, 1855083
1855084, 1855169
1855170, 1855255
1855256, 1855341
1855514, 1855599
1855772, 1855857
1855858, 1855943
1855944, 1856029
1856030, 1856115
2025622, 2025707
2026052, 2026137
2026482, 2026567
2026568, 2026653
2027084, 2027169
2027170, 2027255
2027256, 2027341
2027858, 2027943
2027944, 2028029
2028030, 2028115
2028116, 2028201
2028202, 2028287
2028546, 2028631
2028632, 2028717
2028718, 2028803
2028976, 2029061
2029492, 2029577
2029406, 2029491
2029578, 2029663
2029750, 2029835
2029922, 2030007
2030008, 2030093
2030094, 2030179
2030696, 2030781
2030868, 2030953
2030954, 2031039
2031298, 2031383
2169930, 2170015
2170102, 2170187
2170188, 2170273
2170360, 2170445
2170274, 2170359
